<?xml version="1.0" encoding="UTF-8"?>
<!DOCTYPE fontscolors PUBLIC "-//NetBeans//DTD Editor Fonts and Colors settings 1.1//EN" "http://www.netbeans.org/dtds/EditorFontsColors-1_1.dtd">
<fontscolors>
    <fontcolor foreColor="ff007c00" name="markup-attribute"/>
    <fontcolor name="private"/>
    <fontcolor foreColor="ffbae67e" name="string"/>
    <fontcolor name="deprecated" strikeThrough="darkGray"/>
    <fontcolor name="error" waveUnderlined="red"/>
    <fontcolor name="interface"/>
    <fontcolor foreColor="ffb20000" name="entity-reference"/>
    <fontcolor foreColor="fff29e74" name="operator"/>
    <fontcolor foreColor="ffffcc66" name="number"/>
    <fontcolor bgColor="ff1f2430" foreColor="ffcbccc6" name="default">
        <font name="Fira Code Retina" size="18" style="plain"/>
    </fontcolor>
    <fontcolor name="protected"/>
    <fontcolor name="public"/>
    <fontcolor foreColor="ffa06001" name="method-parameter"/>
    <fontcolor name="warning" waveUnderlined="yellow"/>
    <fontcolor foreColor="ff73d0ff" name="keyword">
        <font style="bold"/>
    </fontcolor>
    <fontcolor name="class"/>
    <fontcolor name="local-variable"/>
    <fontcolor foreColor="fff1f1f1" name="identifier"/>
    <fontcolor name="static">
        <font style="italic"/>
    </fontcolor>
    <fontcolor name="method">
        <font style="bold"/>
    </fontcolor>
    <fontcolor name="constructor">
        <font style="bold"/>
    </fontcolor>
    <fontcolor foreColor="blue" name="markup-element"/>
    <fontcolor default="string" name="markup-attribute-value"/>
    <fontcolor name="abstract"/>
    <fontcolor name="separator"/>
    <fontcolor name="enum"/>
    <fontcolor name="url" underline="blue"/>
    <fontcolor foreColor="ff098618" name="field">
        <font style="bold"/>
    </fontcolor>
    <fontcolor foreColor="ff006f00" name="char"/>
    <fontcolor foreColor="ff5c6773" name="comment"/>
    <fontcolor foreColor="gray" name="unused"/>
    <fontcolor foreColor="ffcbccc6" name="whitespace"/>
</fontscolors>
