<?xml version="1.0" encoding="UTF-8"?>
<!DOCTYPE fontscolors PUBLIC "-//NetBeans//DTD Editor Fonts and Colors settings 1.1//EN" "http://www.netbeans.org/dtds/EditorFontsColors-1_1.dtd">
<fontscolors>
    <fontcolor foreColor="ffffcc66" name="number"/>
    <fontcolor foreColor="fff1f1f1" name="identifier"/>
    <fontcolor bgColor="ff1f2430" foreColor="ffcbccc6" name="default">
        <font name="Fira Code Retina" size="18"/>
    </fontcolor>
    <fontcolor foreColor="ffbae67e" name="string"/>
    <fontcolor name="warning" waveUnderlined="yellow"/>
    <fontcolor foreColor="ff5c6773" name="comment"/>
    <fontcolor foreColor="ff73d0ff" name="keyword">
        <font style="bold"/>
    </fontcolor>
    <fontcolor foreColor="ffcbccc6" name="whitespace"/>
    <fontcolor name="error" waveUnderlined="red"/>
    <fontcolor name="separator"/>
    <fontcolor foreColor="fff29e74" name="operator"/>
    <fontcolor name="url" underline="blue"/>
</fontscolors>
