<?xml version="1.0" encoding="UTF-8"?>
<!DOCTYPE fontscolors PUBLIC "-//NetBeans//DTD Editor Fonts and Colors settings 1.1//EN" "http://www.netbeans.org/dtds/EditorFontsColors-1_1.dtd">
<fontscolors>
    <fontcolor bgColor="6400ff00" name="nbeditor-bracesMatching-match"/>
    <fontcolor bgColor="gray" name="nbeditor-bracesMatching-sidebar"/>
    <fontcolor bgColor="6400ff00" name="nbeditor-bracesMatching-mismatch"/>
    <fontcolor foreColor="ffcccccc" name="line-number"/>
    <fontcolor bgColor="64000000" name="highlight-caret-row"/>
    <fontcolor bgColor="64000000" foreColor="darkGray" name="highlight-search"/>
    <fontcolor foreColor="cyan" name="caret-color-overwrite-mode"/>
    <fontcolor foreColor="ffd3d3d3" name="indent-guide-lines"/>
    <fontcolor bgColor="cyan" name="guarded"/>
    <fontcolor bgColor="96404040" name="selection"/>
    <fontcolor bgColor="6400ff00" name="nbeditor-bracesMatching-match-multichar"/>
    <fontcolor bgColor="6400ff00" name="nbeditor-bracesMatching-mismatch-multichar"/>
    <fontcolor foreColor="c800ff00" name="caret-color-insert-mode"/>
</fontscolors>
